file,predicted_label
./data/WIDER/selected_faces\1.jpg,1
./data/WIDER/selected_faces\10.jpg,1
./data/WIDER/selected_faces\100.jpg,1
./data/WIDER/selected_faces\101.jpg,1
./data/WIDER/selected_faces\102.jpg,0
./data/WIDER/selected_faces\103.jpg,1
./data/WIDER/selected_faces\104.jpg,1
./data/WIDER/selected_faces\105.jpg,1
./data/WIDER/selected_faces\106.jpg,1
./data/WIDER/selected_faces\107.jpg,1
./data/WIDER/selected_faces\108.jpg,1
./data/WIDER/selected_faces\109.jpg,1
./data/WIDER/selected_faces\11.jpg,1
./data/WIDER/selected_faces\110.jpg,1
./data/WIDER/selected_faces\111.jpg,1
./data/WIDER/selected_faces\112.jpg,1
./data/WIDER/selected_faces\113.jpg,1
./data/WIDER/selected_faces\114.jpg,1
./data/WIDER/selected_faces\115.jpg,1
./data/WIDER/selected_faces\116.jpg,1
./data/WIDER/selected_faces\117.jpg,1
./data/WIDER/selected_faces\118.jpg,1
./data/WIDER/selected_faces\119.jpg,1
./data/WIDER/selected_faces\12.jpg,1
./data/WIDER/selected_faces\120.jpg,1
./data/WIDER/selected_faces\121.jpg,1
./data/WIDER/selected_faces\122.jpg,1
./data/WIDER/selected_faces\123.jpg,1
./data/WIDER/selected_faces\124.jpg,1
./data/WIDER/selected_faces\125.jpg,0
./data/WIDER/selected_faces\126.jpg,1
./data/WIDER/selected_faces\127.jpg,1
./data/WIDER/selected_faces\128.jpg,1
./data/WIDER/selected_faces\129.jpg,1
./data/WIDER/selected_faces\13.jpg,1
./data/WIDER/selected_faces\130.jpg,1
./data/WIDER/selected_faces\131.jpg,1
./data/WIDER/selected_faces\132.jpg,1
./data/WIDER/selected_faces\133.jpg,1
./data/WIDER/selected_faces\134.jpg,1
./data/WIDER/selected_faces\135.jpg,1
./data/WIDER/selected_faces\136.jpg,1
./data/WIDER/selected_faces\137.jpg,1
./data/WIDER/selected_faces\138.jpg,1
./data/WIDER/selected_faces\139.jpg,1
./data/WIDER/selected_faces\14.jpg,1
./data/WIDER/selected_faces\140.jpg,1
./data/WIDER/selected_faces\141.jpg,1
./data/WIDER/selected_faces\142.jpg,1
./data/WIDER/selected_faces\143.jpg,1
./data/WIDER/selected_faces\144.jpg,1
./data/WIDER/selected_faces\145.jpg,1
./data/WIDER/selected_faces\146.jpg,1
./data/WIDER/selected_faces\147.jpg,1
./data/WIDER/selected_faces\148.jpg,1
./data/WIDER/selected_faces\149.jpg,1
./data/WIDER/selected_faces\15.jpg,1
./data/WIDER/selected_faces\150.jpg,1
./data/WIDER/selected_faces\151.jpg,1
./data/WIDER/selected_faces\152.jpg,1
./data/WIDER/selected_faces\153.jpg,1
./data/WIDER/selected_faces\154.jpg,1
./data/WIDER/selected_faces\155.jpg,1
./data/WIDER/selected_faces\156.jpg,1
./data/WIDER/selected_faces\157.jpg,1
./data/WIDER/selected_faces\158.jpg,1
./data/WIDER/selected_faces\159.jpg,1
./data/WIDER/selected_faces\16.jpg,1
./data/WIDER/selected_faces\160.jpg,1
./data/WIDER/selected_faces\161.jpg,1
./data/WIDER/selected_faces\162.jpg,1
./data/WIDER/selected_faces\163.jpg,1
./data/WIDER/selected_faces\164.jpg,1
./data/WIDER/selected_faces\165.jpg,1
./data/WIDER/selected_faces\166.jpg,1
./data/WIDER/selected_faces\167.jpg,1
./data/WIDER/selected_faces\168.jpg,1
./data/WIDER/selected_faces\169.jpg,1
./data/WIDER/selected_faces\17.jpg,1
./data/WIDER/selected_faces\170.jpg,1
./data/WIDER/selected_faces\171.jpg,1
./data/WIDER/selected_faces\172.jpg,1
./data/WIDER/selected_faces\173.jpg,1
./data/WIDER/selected_faces\174.jpg,1
./data/WIDER/selected_faces\175.jpg,1
./data/WIDER/selected_faces\176.jpg,1
./data/WIDER/selected_faces\177.jpg,1
./data/WIDER/selected_faces\178.jpg,1
./data/WIDER/selected_faces\179.jpg,1
./data/WIDER/selected_faces\18.jpg,1
./data/WIDER/selected_faces\180.jpg,1
./data/WIDER/selected_faces\181.jpg,1
./data/WIDER/selected_faces\182.jpg,1
./data/WIDER/selected_faces\183.jpg,1
./data/WIDER/selected_faces\184.jpg,1
./data/WIDER/selected_faces\185.jpg,1
./data/WIDER/selected_faces\186.jpg,1
./data/WIDER/selected_faces\187.jpg,1
./data/WIDER/selected_faces\188.jpg,1
./data/WIDER/selected_faces\189.jpg,1
./data/WIDER/selected_faces\19.jpg,1
./data/WIDER/selected_faces\190.jpg,1
./data/WIDER/selected_faces\191.jpg,1
./data/WIDER/selected_faces\192.jpg,1
./data/WIDER/selected_faces\193.jpg,1
./data/WIDER/selected_faces\194.jpg,1
./data/WIDER/selected_faces\195.jpg,1
./data/WIDER/selected_faces\196.jpg,1
./data/WIDER/selected_faces\197.jpg,1
./data/WIDER/selected_faces\198.jpg,1
./data/WIDER/selected_faces\199.jpg,1
./data/WIDER/selected_faces\2.jpg,1
./data/WIDER/selected_faces\20.jpg,1
./data/WIDER/selected_faces\200.jpg,1
./data/WIDER/selected_faces\201.jpg,1
./data/WIDER/selected_faces\202.jpg,1
./data/WIDER/selected_faces\203.jpg,1
./data/WIDER/selected_faces\204.jpg,1
./data/WIDER/selected_faces\205.jpg,1
./data/WIDER/selected_faces\206.jpg,1
./data/WIDER/selected_faces\207.jpg,1
./data/WIDER/selected_faces\208.jpg,1
./data/WIDER/selected_faces\209.jpg,1
./data/WIDER/selected_faces\21.jpg,1
./data/WIDER/selected_faces\210.jpg,1
./data/WIDER/selected_faces\211.jpg,1
./data/WIDER/selected_faces\212.jpg,1
./data/WIDER/selected_faces\213.jpg,1
./data/WIDER/selected_faces\214.jpg,1
./data/WIDER/selected_faces\215.jpg,1
./data/WIDER/selected_faces\216.jpg,1
./data/WIDER/selected_faces\217.jpg,1
./data/WIDER/selected_faces\218.jpg,1
./data/WIDER/selected_faces\219.jpg,1
./data/WIDER/selected_faces\22.jpg,1
./data/WIDER/selected_faces\220.jpg,1
./data/WIDER/selected_faces\221.jpg,1
./data/WIDER/selected_faces\222.jpg,1
./data/WIDER/selected_faces\223.jpg,1
./data/WIDER/selected_faces\224.jpg,1
./data/WIDER/selected_faces\225.jpg,1
./data/WIDER/selected_faces\226.jpg,1
./data/WIDER/selected_faces\227.jpg,1
./data/WIDER/selected_faces\228.jpg,1
./data/WIDER/selected_faces\229.jpg,1
./data/WIDER/selected_faces\23.jpg,1
./data/WIDER/selected_faces\230.jpg,1
./data/WIDER/selected_faces\231.jpg,1
./data/WIDER/selected_faces\24.jpg,1
./data/WIDER/selected_faces\25.jpg,1
./data/WIDER/selected_faces\26.jpg,1
./data/WIDER/selected_faces\27.jpg,1
./data/WIDER/selected_faces\28.jpg,1
./data/WIDER/selected_faces\29.jpg,1
./data/WIDER/selected_faces\3.jpg,1
./data/WIDER/selected_faces\30.jpg,1
./data/WIDER/selected_faces\31.jpg,1
./data/WIDER/selected_faces\32.jpg,1
./data/WIDER/selected_faces\33.jpg,1
./data/WIDER/selected_faces\34.jpg,1
./data/WIDER/selected_faces\35.jpg,1
./data/WIDER/selected_faces\36.jpg,1
./data/WIDER/selected_faces\37.jpg,1
./data/WIDER/selected_faces\38.jpg,0
./data/WIDER/selected_faces\39.jpg,1
./data/WIDER/selected_faces\4.jpg,1
./data/WIDER/selected_faces\40.jpg,1
./data/WIDER/selected_faces\41.jpg,1
./data/WIDER/selected_faces\42.jpg,1
./data/WIDER/selected_faces\43.jpg,1
./data/WIDER/selected_faces\44.jpg,1
./data/WIDER/selected_faces\45.jpg,1
./data/WIDER/selected_faces\46.jpg,1
./data/WIDER/selected_faces\47.jpg,1
./data/WIDER/selected_faces\48.jpg,1
./data/WIDER/selected_faces\49.jpg,1
./data/WIDER/selected_faces\5.jpg,1
./data/WIDER/selected_faces\50.jpg,1
./data/WIDER/selected_faces\51.jpg,1
./data/WIDER/selected_faces\52.jpg,1
./data/WIDER/selected_faces\53.jpg,1
./data/WIDER/selected_faces\54.jpg,1
./data/WIDER/selected_faces\55.jpg,1
./data/WIDER/selected_faces\56.jpg,1
./data/WIDER/selected_faces\57.jpg,1
./data/WIDER/selected_faces\58.jpg,0
./data/WIDER/selected_faces\59.jpg,1
./data/WIDER/selected_faces\6.jpg,1
./data/WIDER/selected_faces\60.jpg,1
./data/WIDER/selected_faces\61.jpg,1
./data/WIDER/selected_faces\62.jpg,1
./data/WIDER/selected_faces\63.jpg,0
./data/WIDER/selected_faces\64.jpg,1
./data/WIDER/selected_faces\65.jpg,1
./data/WIDER/selected_faces\66.jpg,1
./data/WIDER/selected_faces\67.jpg,1
./data/WIDER/selected_faces\68.jpg,1
./data/WIDER/selected_faces\69.jpg,1
./data/WIDER/selected_faces\7.jpg,1
./data/WIDER/selected_faces\70.jpg,1
./data/WIDER/selected_faces\71.jpg,1
./data/WIDER/selected_faces\72.jpg,1
./data/WIDER/selected_faces\73.jpg,1
./data/WIDER/selected_faces\74.jpg,1
./data/WIDER/selected_faces\75.jpg,1
./data/WIDER/selected_faces\76.jpg,1
./data/WIDER/selected_faces\77.jpg,1
./data/WIDER/selected_faces\78.jpg,1
./data/WIDER/selected_faces\79.jpg,1
./data/WIDER/selected_faces\8.jpg,1
./data/WIDER/selected_faces\80.jpg,1
./data/WIDER/selected_faces\81.jpg,1
./data/WIDER/selected_faces\82.jpg,1
./data/WIDER/selected_faces\83.jpg,1
./data/WIDER/selected_faces\84.jpg,1
./data/WIDER/selected_faces\85.jpg,1
./data/WIDER/selected_faces\86.jpg,1
./data/WIDER/selected_faces\87.jpg,1
./data/WIDER/selected_faces\88.jpg,1
./data/WIDER/selected_faces\89.jpg,1
./data/WIDER/selected_faces\9.jpg,1
./data/WIDER/selected_faces\90.jpg,1
./data/WIDER/selected_faces\91.jpg,1
./data/WIDER/selected_faces\92.jpg,1
./data/WIDER/selected_faces\93.jpg,1
./data/WIDER/selected_faces\94.jpg,1
./data/WIDER/selected_faces\95.jpg,1
./data/WIDER/selected_faces\96.jpg,1
./data/WIDER/selected_faces\97.jpg,1
./data/WIDER/selected_faces\98.jpg,1
./data/WIDER/selected_faces\99.jpg,1
./data/WIDER/selected_faces\232.jpg,1
./data/WIDER/selected_faces\233.jpg,1
./data/WIDER/selected_faces\234.jpg,1
./data/WIDER/selected_faces\235.jpg,0
./data/WIDER/selected_faces\236.jpg,1
./data/WIDER/selected_faces\237.jpg,1
./data/WIDER/selected_faces\238.jpg,1
./data/WIDER/selected_faces\239.jpg,1
./data/WIDER/selected_faces\240.jpg,1
./data/WIDER/selected_faces\241.jpg,1
./data/WIDER/selected_faces\242.jpg,1
./data/WIDER/selected_faces\243.jpg,1
./data/WIDER/selected_faces\244.jpg,1
./data/WIDER/selected_faces\245.jpg,1
./data/WIDER/selected_faces\246.jpg,1
./data/WIDER/selected_faces\247.jpg,1
./data/WIDER/selected_faces\248.jpg,1
./data/WIDER/selected_faces\249.jpg,1
./data/WIDER/selected_faces\250.jpg,0
./data/WIDER/selected_faces\251.jpg,1
./data/WIDER/selected_faces\252.jpg,1
./data/WIDER/selected_faces\253.jpg,1
./data/WIDER/selected_faces\254.jpg,1
./data/WIDER/selected_faces\255.jpg,0
./data/WIDER/selected_faces\256.jpg,1
./data/WIDER/selected_faces\257.jpg,1
./data/WIDER/selected_faces\258.jpg,1
./data/WIDER/selected_faces\259.jpg,1
./data/WIDER/selected_faces\260.jpg,1
./data/WIDER/selected_faces\261.jpg,1
./data/WIDER/selected_faces\262.jpg,1
./data/WIDER/selected_faces\263.jpg,1
./data/WIDER/selected_faces\264.jpg,1
./data/WIDER/selected_faces\265.jpg,1
./data/WIDER/selected_faces\266.jpg,1
./data/WIDER/selected_faces\267.jpg,1
./data/WIDER/selected_faces\268.jpg,1
./data/WIDER/selected_faces\269.jpg,1
./data/WIDER/selected_faces\270.jpg,1
./data/WIDER/selected_faces\271.jpg,0
./data/WIDER/selected_faces\272.jpg,1
./data/WIDER/selected_faces\273.jpg,1
./data/WIDER/selected_faces\274.jpg,1
./data/WIDER/selected_faces\275.jpg,1
./data/WIDER/selected_faces\276.jpg,1
./data/WIDER/selected_faces\277.jpg,0
./data/WIDER/selected_faces\278.jpg,1
./data/WIDER/selected_faces\279.jpg,1
./data/WIDER/selected_faces\280.jpg,1
./data/WIDER/selected_faces\281.jpg,0
./data/WIDER/selected_faces\282.jpg,0
./data/WIDER/selected_faces\283.jpg,0
./data/WIDER/selected_faces\284.jpg,1
./data/WIDER/selected_faces\285.jpg,0
./data/WIDER/selected_faces\286.jpg,0
./data/WIDER/selected_faces\287.jpg,0
./data/WIDER/selected_faces\288.jpg,1
./data/WIDER/selected_faces\289.jpg,1
./data/WIDER/selected_faces\290.jpg,1
./data/WIDER/selected_faces\291.jpg,0
./data/WIDER/selected_faces\292.jpg,0
./data/WIDER/selected_faces\293.jpg,1
./data/WIDER/selected_faces\294.jpg,1
./data/WIDER/selected_faces\295.jpg,0
./data/WIDER/selected_faces\296.jpg,1
./data/WIDER/selected_faces\297.jpg,1
./data/WIDER/selected_faces\298.jpg,1
./data/WIDER/selected_faces\299.jpg,1
./data/WIDER/selected_faces\300.jpg,0
./data/WIDER/selected_faces\301.jpg,1
./data/WIDER/selected_faces\302.jpg,1
./data/WIDER/selected_faces\303.jpg,1
./data/WIDER/selected_faces\304.jpg,1
./data/WIDER/selected_faces\305.jpg,0
./data/WIDER/selected_faces\306.jpg,0
./data/WIDER/selected_faces\307.jpg,1
./data/WIDER/selected_faces\308.jpg,0
./data/WIDER/selected_faces\309.jpg,1
./data/WIDER/selected_faces\310.jpg,1
./data/WIDER/selected_faces\311.jpg,0
./data/WIDER/selected_faces\312.jpg,0
./data/WIDER/selected_faces\313.jpg,0
./data/WIDER/selected_faces\314.jpg,1
./data/WIDER/selected_faces\315.jpg,1
./data/WIDER/selected_faces\316.jpg,1
./data/WIDER/selected_faces\317.jpg,0
./data/WIDER/selected_faces\318.jpg,1
./data/WIDER/selected_faces\319.jpg,1
./data/WIDER/selected_faces\320.jpg,1
./data/WIDER/selected_faces\321.jpg,1
./data/WIDER/selected_faces\322.jpg,1
./data/WIDER/selected_faces\323.jpg,1
./data/WIDER/selected_faces\324.jpg,0
./data/WIDER/selected_faces\325.jpg,1
./data/WIDER/selected_faces\326.jpg,1
./data/WIDER/selected_faces\327.jpg,1
./data/WIDER/selected_faces\328.jpg,0
./data/WIDER/selected_faces\329.jpg,0
./data/WIDER/selected_faces\330.jpg,1
./data/WIDER/selected_faces\331.jpg,1
./data/WIDER/selected_faces\332.jpg,1
./data/WIDER/selected_faces\333.jpg,1
./data/WIDER/selected_faces\334.jpg,1
./data/WIDER/selected_faces\335.jpg,1
./data/WIDER/selected_faces\336.jpg,1
./data/WIDER/selected_faces\337.jpg,1
./data/WIDER/selected_faces\338.jpg,1
./data/WIDER/selected_faces\339.jpg,1
./data/WIDER/selected_faces\340.jpg,0
./data/WIDER/selected_faces\341.jpg,1
./data/WIDER/selected_faces\342.jpg,1
./data/WIDER/selected_faces\343.jpg,1
./data/WIDER/selected_faces\344.jpg,0
./data/WIDER/selected_faces\345.jpg,1
./data/WIDER/selected_faces\346.jpg,0
./data/WIDER/selected_faces\347.jpg,1
./data/WIDER/selected_faces\348.jpg,0
./data/WIDER/selected_faces\349.jpg,1
./data/WIDER/selected_faces\350.jpg,1
./data/WIDER/selected_faces\351.jpg,1
./data/WIDER/selected_faces\352.jpg,1
./data/WIDER/selected_faces\353.jpg,1
./data/WIDER/selected_faces\354.jpg,1
./data/WIDER/selected_faces\355.jpg,1
./data/WIDER/selected_faces\356.jpg,1
./data/WIDER/selected_faces\357.jpg,1
./data/WIDER/selected_faces\358.jpg,1
./data/WIDER/selected_faces\359.jpg,1
./data/WIDER/selected_faces\360.jpg,1
./data/WIDER/selected_faces\361.jpg,0
./data/WIDER/selected_faces\362.jpg,1
./data/WIDER/selected_faces\363.jpg,1
./data/WIDER/selected_faces\364.jpg,1
./data/WIDER/selected_faces\365.jpg,1
./data/WIDER/selected_faces\366.jpg,1
./data/WIDER/selected_faces\367.jpg,1
./data/WIDER/selected_faces\368.jpg,0
./data/WIDER/selected_faces\369.jpg,0
./data/WIDER/selected_faces\370.jpg,1
./data/WIDER/selected_faces\371.jpg,0
./data/WIDER/selected_faces\372.jpg,1
./data/WIDER/selected_faces\373.jpg,1
./data/WIDER/selected_faces\374.jpg,1
./data/WIDER/selected_faces\375.jpg,0
./data/WIDER/selected_faces\376.jpg,1
./data/WIDER/selected_faces\377.jpg,1
./data/WIDER/selected_faces\378.jpg,1
./data/WIDER/selected_faces\379.jpg,1
./data/WIDER/selected_faces\380.jpg,0
./data/WIDER/selected_faces\381.jpg,1
./data/WIDER/selected_faces\382.jpg,1
./data/WIDER/selected_faces\383.jpg,0
./data/WIDER/selected_faces\384.jpg,0
./data/WIDER/selected_faces\385.jpg,0
./data/WIDER/selected_faces\386.jpg,1
./data/WIDER/selected_faces\387.jpg,1
./data/WIDER/selected_faces\388.jpg,0
./data/WIDER/selected_faces\389.jpg,1
./data/WIDER/selected_faces\390.jpg,1
./data/WIDER/selected_faces\391.jpg,0
./data/WIDER/selected_faces\392.jpg,1
./data/WIDER/selected_faces\393.jpg,0
./data/WIDER/selected_faces\394.jpg,0
./data/WIDER/selected_faces\395.jpg,1
./data/WIDER/selected_faces\396.jpg,1
./data/WIDER/selected_faces\397.jpg,1
./data/WIDER/selected_faces\398.jpg,0
./data/WIDER/selected_faces\399.jpg,1
./data/WIDER/selected_faces\400.jpg,1
./data/WIDER/selected_faces\401.jpg,1
./data/WIDER/selected_faces\402.jpg,0
./data/WIDER/selected_faces\403.jpg,1
./data/WIDER/selected_faces\404.jpg,0
./data/WIDER/selected_faces\405.jpg,0
./data/WIDER/selected_faces\406.jpg,1
./data/WIDER/selected_faces\407.jpg,1
./data/WIDER/selected_faces\408.jpg,0
./data/WIDER/selected_faces\409.jpg,1
./data/WIDER/selected_faces\410.jpg,1
./data/WIDER/selected_faces\411.jpg,1
./data/WIDER/selected_faces\412.jpg,1
./data/WIDER/selected_faces\413.jpg,1
./data/WIDER/selected_faces\414.jpg,1
./data/WIDER/selected_faces\415.jpg,1
./data/WIDER/selected_faces\416.jpg,1
./data/WIDER/selected_faces\417.jpg,1
./data/WIDER/selected_faces\418.jpg,1
./data/WIDER/selected_faces\419.jpg,1
./data/WIDER/selected_faces\420.jpg,0
